region,kroshki,name,price,oldPrice,availability,picturesUrl
Санкт-Петербург,ГлавнаяКаталог продукцииТранспортАвтотреки и машинки Hot WheelsMattel Hot Wheels FYK13 Хот Вилс МОНСТР ТРАК ТЯГАЧВернуться,Mattel Hot Wheels FYK13 Хот Вилс МОНСТР ТРАК ТЯГАЧ,3 189 руб.,4 249 руб.," Товар есть в наличии",https://cdn.toy.ru/upload/resize_cache/iblock/a1f/80_80_10240811ca8906714d1a9f41f2f5b358d/fyk13_c_18_0001.jpg?_cvc=1664597385
Санкт-Петербург,ГлавнаяКаталог продукцииТранспортКоллекционные машинкиКоллекционные машинкиWelly 43620 Велли Модель машины 1:34-39 Lamborghini GallardoВернуться,Welly 43620 Велли Модель машины 1:34-39 Lamborghini Gallardo,439 руб.,," Товар есть в наличии",https://cdn.toy.ru/upload/resize_cache/iblock/067/80_80_10240811ca8906714d1a9f41f2f5b358d/046f0548_fe14_11e0_a1a4_002655824cb6_500x500.jpg?_cvc=1664597385
Санкт-Петербург,ГлавнаяКаталог продукцииТранспортКоллекционные машинкиМодели российских автомобилейWelly 43644 Велли модель машины 1:34-39 LADA 2107 (в ассортименте)Вернуться,Welly 43644 Велли модель машины 1:34-39 LADA 2107 (в ассортименте),579 руб.,," Товар есть в наличии",https://cdn.toy.ru/upload/resize_cache/iblock/1e4/80_80_10240811ca8906714d1a9f41f2f5b358d/cf52b6e3_4ad6_11e4_8e22_00155d09850f.jpeg?_cvc=1664597385
Санкт-Петербург,ГлавнаяКаталог продукцииТранспортКоллекционные машинкиКоллекционные машинкиWelly 43775 Велли Модель машины 1:34-39 Lamborghini UrusВернуться,Welly 43775 Велли Модель машины 1:34-39 Lamborghini Urus,349 руб.,459 руб.," Товар есть в наличии",https://cdn.toy.ru/upload/resize_cache/iblock/8a3/80_80_10240811ca8906714d1a9f41f2f5b358d/43775.jpg?_cvc=1664597385
Санкт-Петербург,ГлавнаяКаталог продукцииТранспортКоллекционные машинкиКоллекционные машинкиMattel Hot Wheels GWN97 Хот Вилс Коллекционные машинки в мотивационном набореВернуться,Mattel Hot Wheels GWN97 Хот Вилс Коллекционные машинки в мотивационном наборе,2 599 руб.,," Товар есть в наличии",https://cdn.toy.ru/upload/resize_cache/iblock/c91/80_80_10240811ca8906714d1a9f41f2f5b358d/1.jpg?_cvc=1664597385
Санкт-Петербург,ГлавнаяКаталог продукцииИгровые наборыМини наборыMattel Hot Wheels GTT94 Игровой набор Сити Атака бешеной гориллыВернуться,Mattel Hot Wheels GTT94 Игровой набор Сити Атака бешеной гориллы,9 729 руб.,," Товар есть в наличии",https://cdn.toy.ru/upload/resize_cache/iblock/21c/80_80_10240811ca8906714d1a9f41f2f5b358d/1.jpg?_cvc=1664597385
Санкт-Петербург,ГлавнаяКаталог продукцииИгровые наборыМини наборыFortnite FNT0815 Транспортное средство Whiplash с фигуркойВернуться,Fortnite FNT0815 Транспортное средство Whiplash с фигуркой,2 249 руб.,2 999 руб.," Товар есть в наличии",https://cdn.toy.ru/upload/resize_cache/iblock/176/5de/80_80_10240811ca8906714d1a9f41f2f5b358d/1.jpg?_cvc=1664597385
Санкт-Петербург,ГлавнаяКаталог продукцииТранспортКоллекционные машинкиМодели российских автомобилейWelly 42384 Велли Модель машины 1:34-39 ВолгаВернуться,Welly 42384 Велли Модель машины 1:34-39 Волга,439 руб.,579 руб.," Товар есть в наличии",https://cdn.toy.ru/upload/resize_cache/iblock/68c/80_80_10240811ca8906714d1a9f41f2f5b358d/8d30376b_e5b0_11df_9723_00210091c2bb.jpeg?_cvc=1664597385
Санкт-Петербург,ГлавнаяКаталог продукцииТранспортКоллекционные машинкиМодели российских автомобилейWelly 42387AFS Велли Модель машины 1:34-39 ГАЗель ПОЖАРНАЯ ОХРАНАВернуться,Welly 42387AFS Велли Модель машины 1:34-39 ГАЗель ПОЖАРНАЯ ОХРАНА,409 руб.,539 руб.," Товар есть в наличии",https://cdn.toy.ru/upload/resize_cache/iblock/636/80_80_10240811ca8906714d1a9f41f2f5b358d/8d303781_e5b0_11df_9723_00210091c2bb.jpeg?_cvc=1664597385
Санкт-Петербург,ГлавнаяКаталог продукцииТранспортКоллекционные машинкиМодели российских автомобилейWelly 42387BAE Велли Модель машины 1:34-39 ГАЗель СКОРАЯ ПОМОЩЬВернуться,Welly 42387BAE Велли Модель машины 1:34-39 ГАЗель СКОРАЯ ПОМОЩЬ,579 руб.,," Товар есть в наличии",https://cdn.toy.ru/upload/resize_cache/iblock/a87/80_80_10240811ca8906714d1a9f41f2f5b358d/8d303789_e5b0_11df_9723_00210091c2bb.jpeg?_cvc=1664597385
Санкт-Петербург,ГлавнаяКаталог продукцииТранспортКоллекционные машинкиМодели российских автомобилейWelly 42386PB Велли Модель машины 1:34-39 LADA 4x4 МИЛИЦИЯ ДПСВернуться,Welly 42386PB Велли Модель машины 1:34-39 LADA 4x4 МИЛИЦИЯ ДПС,579 руб.,," Товар есть в наличии",https://cdn.toy.ru/upload/resize_cache/iblock/d46/80_80_10240811ca8906714d1a9f41f2f5b358d/8d303761_e5b0_11df_9723_00210091c2bb.jpg?_cvc=1664597385
Санкт-Петербург,ГлавнаяКаталог продукцииТранспортКоллекционные машинкиКоллекционные машинкиWelly 99930C Велли Модель автобуса 1:60-64 London Bus открытыйВернуться,Welly 99930C Велли Модель автобуса 1:60-64 London Bus открытый,539 руб.,," Товар есть в наличии",https://cdn.toy.ru/upload/resize_cache/iblock/3b2/80_80_10240811ca8906714d1a9f41f2f5b358d/cqjo61aw8aixfbf.gif?_cvc=1664597385
Санкт-Петербург,ГлавнаяКаталог продукцииТранспортКоллекционные машинкиМодели российских автомобилейWelly 43644RY Велли модель машины 1:34-39 LADA 2107 RALLYВернуться,Welly 43644RY Велли модель машины 1:34-39 LADA 2107 RALLY,499 руб.,," Товар есть в наличии",https://cdn.toy.ru/upload/resize_cache/iblock/040/80_80_10240811ca8906714d1a9f41f2f5b358d/detimag_igra_43644ry_1.jpg?_cvc=1664597385
Санкт-Петербург,ГлавнаяКаталог продукцииТранспортКоллекционные машинкиМодели российских автомобилейWelly 43645 Велли модель машины 1:34-39 LADA PRIORA (в ассортименте)Вернуться,Welly 43645 Велли модель машины 1:34-39 LADA PRIORA (в ассортименте),479 руб.,," Товар есть в наличии",https://cdn.toy.ru/upload/resize_cache/iblock/ab5/80_80_10240811ca8906714d1a9f41f2f5b358d/cf52b70f_4ad6_11e4_8e22_00155d09850f.jpeg?_cvc=1664597385
Санкт-Петербург,ГлавнаяКаталог продукцииТранспортКоллекционные машинкиКоллекционные машинкиWelly 43667 Велли Модель машины 1:34-39 Chevrolet Camaro ZL1Вернуться,Welly 43667 Велли Модель машины 1:34-39 Chevrolet Camaro ZL1,489 руб.,," Товар есть в наличии",https://cdn.toy.ru/upload/resize_cache/iblock/cfd/80_80_10240811ca8906714d1a9f41f2f5b358d/700.gif?_cvc=1664597385
Санкт-Петербург,ГлавнаяКаталог продукцииТранспортКоллекционные машинкиКоллекционные машинкиWelly 43689 Велли Модель машины 1:34-39 Mercedes-Benz G-ClassВернуться,Welly 43689 Велли Модель машины 1:34-39 Mercedes-Benz G-Class,559 руб.,," Товар есть в наличии",https://cdn.toy.ru/upload/resize_cache/iblock/2aa/80_80_10240811ca8906714d1a9f41f2f5b358d/fda85346_c117_11e5_a753_00155d093116.jpeg?_cvc=1664597385
Санкт-Петербург,ГлавнаяКаталог продукцииТранспортКоллекционные машинкиКоллекционные машинкиWelly 47001 Велли Модель машины 1:34-39 Hummer H3 Big WheelВернуться,Welly 47001 Велли Модель машины 1:34-39 Hummer H3 Big Wheel,569 руб.,759 руб.," Товар есть в наличии",https://cdn.toy.ru/upload/resize_cache/iblock/b45/80_80_10240811ca8906714d1a9f41f2f5b358d/529e191a_e5eb_11e5_8193_00155d093116.jpeg?_cvc=1664597385
Санкт-Петербург,ГлавнаяКаталог продукцииТранспортКоллекционные машинкиКоллекционные машинкиWelly 47003 Велли Модель машины 1:34-39 Toyota FJ Cruiser Big WheelВернуться,Welly 47003 Велли Модель машины 1:34-39 Toyota FJ Cruiser Big Wheel,569 руб.,759 руб.," Товар есть в наличии",https://cdn.toy.ru/upload/resize_cache/iblock/9b5/80_80_10240811ca8906714d1a9f41f2f5b358d/aa224abc_e5eb_11e5_8193_00155d093116.jpeg?_cvc=1664597385
Санкт-Петербург,ГлавнаяКаталог продукцииТранспортКоллекционные машинкиКоллекционные машинкиWelly 24061 Велли Модель машины 1:24 Mercedes-Benz G63 AMG 6x6Вернуться,Welly 24061 Велли Модель машины 1:24 Mercedes-Benz G63 AMG 6x6,1 989 руб.,2 509 руб.," Товар есть в наличии",https://cdn.toy.ru/upload/resize_cache/iblock/1c9/80_80_10240811ca8906714d1a9f41f2f5b358d/1.jpg?_cvc=1664597385
Санкт-Петербург,ГлавнаяКаталог продукцииТранспортКоллекционные машинкиКоллекционные машинкиWelly 43710 Велли Модель машины 1:34-39 Kia SorentoВернуться,Welly 43710 Велли Модель машины 1:34-39 Kia Sorento,439 руб.,579 руб.," Товар есть в наличии",https://cdn.toy.ru/upload/resize_cache/iblock/9b8/80_80_10240811ca8906714d1a9f41f2f5b358d/43710.jpg?_cvc=1664597385
Санкт-Петербург,ГлавнаяКаталог продукцииТранспортКоллекционные машинкиМодели российских автомобилейWelly 43727 Велли Модель машины 1:34-39 LADA VestaВернуться,Welly 43727 Велли Модель машины 1:34-39 LADA Vesta,389 руб.,," Товар есть в наличии",https://cdn.toy.ru/upload/resize_cache/iblock/031/80_80_10240811ca8906714d1a9f41f2f5b358d/43727.jpg?_cvc=1664597385
Санкт-Петербург,ГлавнаяКаталог продукцииТранспортЛетательные аппаратыWelly 99091 Велли Военный самолетВернуться,Welly 99091 Велли Военный самолет,389 руб.,," Товар есть в наличии",https://cdn.toy.ru/upload/resize_cache/iblock/761/80_80_10240811ca8906714d1a9f41f2f5b358d/99091.jpg?_cvc=1664597385
Санкт-Петербург,ГлавнаяКаталог продукцииТранспортСпецтехника Welly 42392CM Велли Модель военной машины 1:34-39 Land Rover DefenderВернуться,Welly 42392CM Велли Модель военной машины 1:34-39 Land Rover Defender,319 руб.,449 руб.," Товар есть в наличии",https://cdn.toy.ru/upload/resize_cache/iblock/2d1/80_80_10240811ca8906714d1a9f41f2f5b358d/338037_2277_draft.jpg?_cvc=1664597385
Санкт-Петербург,ГлавнаяКаталог продукцииРаспродажа игрушек для детей Ликвидация товараWincars 30815C Набор военной техникиВернуться,Wincars 30815C Набор военной техники,519 руб.,," Товар есть в наличии",https://cdn.toy.ru/upload/resize_cache/iblock/dd7/80_80_10240811ca8906714d1a9f41f2f5b358d/30815c_1.jpg?_cvc=1664597385
Санкт-Петербург,ГлавнаяКаталог продукцииТранспортКоллекционные машинкиМодели мотоцикловWelly 12810P Велли Модель мотоцикла BMW S1000RRВернуться,Welly 12810P Велли Модель мотоцикла BMW S1000RR,369 руб.,529 руб.," Товар есть в наличии",https://cdn.toy.ru/upload/resize_cache/iblock/478/80_80_10240811ca8906714d1a9f41f2f5b358d/12810p.jpg?_cvc=1664597385
Санкт-Петербург,ГлавнаяКаталог продукцииТранспортКоллекционные машинкиКоллекционные машинкиWelly 43738 Модель машины 1:38 Bugatti ChironВернуться,Welly 43738 Модель машины 1:38 Bugatti Chiron,529 руб.,," Товар есть в наличии",https://cdn.toy.ru/upload/resize_cache/iblock/bba/80_80_10240811ca8906714d1a9f41f2f5b358d/665.jpg?_cvc=1664597385
Санкт-Петербург,ГлавнаяКаталог продукцииТранспортКоллекционные машинкиКоллекционные машинкиWelly 47008S Велли Модель машины 1:34-39 Pontiac GTO Wheel MonsterВернуться,Welly 47008S Велли Модель машины 1:34-39 Pontiac GTO Wheel Monster,599 руб.,749 руб.," Товар есть в наличии",https://cdn.toy.ru/upload/resize_cache/iblock/f5d/80_80_10240811ca8906714d1a9f41f2f5b358d/47008s.jpg?_cvc=1664597385
Санкт-Петербург,ГлавнаяКаталог продукцииТранспортСпецтехника Welly 92650 Велли Модель Погрузчик городскойВернуться,Welly 92650 Велли Модель Погрузчик городской,579 руб.,," Товар есть в наличии",https://cdn.toy.ru/upload/resize_cache/iblock/f82/80_80_10240811ca8906714d1a9f41f2f5b358d/92650.jpg?_cvc=1664597385
Санкт-Петербург,ГлавнаяКаталог продукцииТранспортСпецтехника Welly 99653 Велли модель машины Mercedes-Benz Actros (бетономешалка)Вернуться,Welly 99653 Велли модель машины Mercedes-Benz Actros (бетономешалка),389 руб.,," Товар есть в наличии",https://cdn.toy.ru/upload/resize_cache/iblock/6c9/80_80_10240811ca8906714d1a9f41f2f5b358d/image.jpg?_cvc=1664597385
Санкт-Петербург,ГлавнаяКаталог продукцииТранспортКоллекционные машинкиМодели мотоцикловWelly 12844P Велли модель мотоцикла 1:18 Suzuki GSX S1000FВернуться,Welly 12844P Велли модель мотоцикла 1:18 Suzuki GSX S1000F,489 руб.,649 руб.," Товар есть в наличии",https://cdn.toy.ru/upload/resize_cache/iblock/4d0/80_80_10240811ca8906714d1a9f41f2f5b358d/12844p.jpg?_cvc=1664597385
